Ano,Item,Dados,Atlético GO,Atlético,Athletico,Bahia,Botafogo,Corinthians,Vitória,Cruzeiro,Cuiabá,Flamengo,Fluminense,Fortaleza,Grêmio,Criciúma,Internacional,Palmeiras,Juventude,São Paulo,Vasco,Sport,Santos,Red Bull Bragantino,Média da Liga
2024,RECEITA,Receita Total,121.6651644,654.195009,569.1292749999999,284.9915822,733.6546827999999,1101.2514629999998,187.93073520000002,361.4600366,333.0856776,1320.1880796,696.2409818,261.8031156,618.0021926,72.8235248,534.4075672,1258.7945786,140.1535902,752.8322671999999,472.6011965999999,141.70497899999998,395.21838199999996,527.7808016,
2024,RECEITA,Receita Recorrente,114.295025,463.56811020000004,285.2626581999999,247.7780604,633.1939172,748.4137283999999,186.1426762,283.42768220000005,213.7882578,1208.2295212000001,416.6479824,241.37753899999998,507.1529606,70.7935826,348.6058212,799.6867112000001,136.09370579999998,655.4847052,295.09020579999986,78.9081384,262.77898919999996,443.3385424,
2024,RECEITA,Receita c/ Transmissão + Premiações,60.59903979999999,258.2958092,60.0099708,117.59276879999999,373.7575036,381.2777774,87.82549619999999,143.9538672,58.4231336,472.8639318,173.7972496,107.4076094,186.2250416,62.9594862,131.53858639999999,244.17379219999998,98.061743,249.62033459999998,153.069319,26.247455,55.48,0.0,
2024,RECEITA,Receita Comercial,14.827857199999999,61.9992516,37.0581744,59.522034000000005,61.6051488,264.52951459999997,44.185388,76.344385,32.4853308,438.1286702,81.6084724,49.5714596,80.43659,11.7219518,91.5340244,187.261386,26.9553804,103.3133192,62.459038199999995,20.1388616,89.114,0.0,
2024,RECEITA,Receita c/ Match-Day + Sócio-Torcedor,14.205424999999998,117.6855602,89.09955339999999,86.7265958,88.5959776,97.9981444,50.918498799999995,87.0654408,15.329347799999999,253.9137614,103.2757856,67.3707268,115.77343180000001,24.1236788,97.22245,132.4070722,10.5552824,154.04415,91.535067,30.9224734,62.374,0.0,
2024,RECEITA,Receita c/ Negociação de atletas,7.370139399999999,190.6268988,283.8666168,37.213521799999995,100.46076559999999,352.8377346,1.788059,78.03235439999999,119.2974198,111.9585584,279.5929994,20.4255766,110.84923199999999,2.0299422,185.801746,459.1078674,4.0598844,97.347562,177.5109908,62.7968406,132.4393928,84.4422592,
2024,DESPESA,Folha do Futebol,48.2609114,337.1413916,141.9666716,306.18764020000003,388.36850000000004,383.3786164,102.87021419999999,208.890123,96.3393678,546.364104,361.2900928,148.9374952,171.6609622,80.5533612,266.676228,421.8807918,63.7529048,391.57553759999996,222.4668602,65.913172,187.229,0.0,
2024,DESPESA,Folha do Futebol + Amortização,53.3373308,454.5152144,189.607236,408.8107582,523.4039668,469.3816478,106.38377619999999,294.71382719999997,107.0729348,768.7600674,395.31221600000003,203.7021454,221.0843726,80.5533612,347.686248,531.4424127999999,64.5671754,478.2395774,318.3151634,77.45475400000001,231.173,0.0,
2024,DESPESA,Folha do Futebol + Compra de Jogadores,59.991203999999996,576.0792466,248.0824996,582.047089,943.4831458,599.7202016,123.0976968,554.8988276,115.26568560000001,978.8429248,436.93906360000005,234.7351344,306.7131106,80.5533612,462.42542059999994,615.2351322,66.4511536,507.04661539999995,415.48965380000004,89.6500462,230.75865800000003,114.046,
2024,DESPESA,Custo das Atividades Esportivas,142.8362,646.35987,261.4288222,464.441809,634.5096783999999,792.1528835999999,198.9197392,411.9197914,134.8676082,1030.5183512,618.57458,286.991289,415.2300464,88.27798460000001,421.6555902,972.4559572,88.1341058,683.6369904,398.42020660000003,96.6271254,310.3413586,450.0612272,
2024,RESULTADO,Resultado Operacional (Segmento Futebol),-49.36711,-83.2735046,74.67726760000001,-260.530101,-142.064676,268.4830538,-12.777063,-152.67730139999998,64.656839,48.0961806,71.70168720000001,-78.9905038,108.936061,-15.4544598,30.8640878,286.3386214,47.958557400000004,-86.10312099999992,-59.000734,-10.7471208,45.848335,37.8369966,
2024,RESULTADO,Resultado,-47.0327286,-312.10648039999995,24.4375014,-257.04781699999995,-312.7622758,-22.9601372,-43.064592999999995,-177.1460808,67.5114778,-2.71076,0.1188564,-83.74684500000001,45.449019199999995,-30.230187,-35.9686574,206.62559579999999,35.6850702,-299.893464,-119.5674532,-17.2936062,-109.6877756,32.3216426,
2024,PASSIVOS,Dívida Líquida,42.0365894,1647.068202,256.0291968,834.7107730000001,1028.0265372000001,1896.510252,253.67709120000006,1217.8485488,35.2753284,699.1540062000001,758.9335624,157.05309359999998,753.0261908,-13.459966000000001,1031.4806709999998,565.0798166000002,2.2739106000000007,941.681533,1005.5459960000001,192.8434664,685.028,583.183,
2024,CAIXA,Geração de Caixa Operacional,40.7051892,112.121204,118.3413556,-28.509897,921.9534558,149.117865,19.4476178,296.0035234,0.0,439.1754406,23.2750024,57.8309368,126.7040502,19.454916,156.5703698,399.44091199999997,45.6773486,116.5856172,214.6723826,66.0518378,6.1367436,91.882,
2024,CAIXA,Caixa Líquido Gerado (Consumido) pelas Atividades de Financiamento,-0.5087887999999999,-271.3439482,0.0,-2.1769488,-408.08823639999997,-119.58517739999999,-5.2296816,0.0,0.0,0.0,-62.121235799999994,-5.2713856,-33.650957600000005,0.0,65.3303586,-65.7338448,-2.7962531999999998,38.3562114,-70.7935826,1.4450435999999998,31.820152,69.752,
2024,CAIXA,Saldo de Caixa,8.3418426,20.653906,133.9146718,140.1118862,135.558852,13.239977399999999,0.28358720000000004,7.3232224,3.0569032,95.7534266,10.8670198,26.4080154,11.619777,20.9020448,3.930602,39.9972638,32.7345122,18.34976,29.7182704,32.3393668,0.177242,29.015,
2024,INVESTIMENTO,Aquisições de atletas,11.730292599999999,238.937855,106.115828,275.8594488,555.1146458,216.3415852,20.2274826,346.0087046,18.9263178,432.4788208,75.6489708,85.7976392,135.0521484,0.0,195.7491926,193.3543404,2.6982488,115.4710778,193.0227936,23.7368742,35.5537026,114.046,
2024,ACESSÓRIOS,Receita c/ Direitos de transmissão,60.59903979999999,258.2958092,31.658548999999997,117.59276879999999,105.28383319999999,307.6337264,87.82549619999999,143.9538672,58.4231336,472.8639318,173.7972496,59.005947,186.2250416,62.9594862,78.8341138,178.14697679999998,98.061743,249.62033459999998,99.1856658,26.247455,57.843447999999995,,
2024,ACESSÓRIOS,Premiações,0.0,0.0,28.3514218,0.0,268.4736704,73.644051,0.0,0.0,0.0,0.0,0.0,48.4016624,0.0,0.0,52.7044726,66.0268154,0.0,0.0,53.8836532,0.0,0.0,,
2024,ACESSÓRIOS,Receita c/ Match-Day,10.944172199999999,84.12113839999999,27.2420954,86.7265958,37.9047656,97.9981444,10.9327036,53.2445394,13.6330376,172.8349298,30.4355792,27.180582,12.508072199999999,3.0944368,12.40694,55.054493,4.4769244,100.19177479999999,35.6850702,15.1093592,35.804969199999995,,
2024,ACESSÓRIOS,Receita c/ Sócio-torcedor,3.2612528,33.5644218,61.857457999999994,0.0,50.69121199999999,0.0,39.9857952,33.8209014,1.6963101999999999,81.0788316,72.8402064,40.1901448,103.26535960000001,21.029242,84.81550999999999,77.3525792,6.078358,53.8523752,55.8499968,15.8131142,29.2261632,,
2024,ACESSÓRIOS,Receita com Publicidade e Patrocínio,14.827857199999999,60.9535238,37.0581744,59.522034000000005,58.2928086,264.52951459999997,44.185388,60.324836,32.1777638,336.2457982,81.6084724,44.0456796,68.159975,10.4666614,78.25547080000001,149.0667776,26.9553804,75.3476594,55.2567574,20.1388616,92.91025640000001,,
2024,ACESSÓRIOS,Receita com Licenciamento da Marca,0.0,1.0457277999999999,0.0,0.0,3.3123402,0.0,0.0,16.019549,0.307567,101.88287199999999,0.0,5.525779999999999,12.276615,1.2552904,13.2785536,38.1946084,0.0,27.9656598,7.2022808000000005,0.0,0.0,,
2024,ACESSÓRIOS,Outras receitas,17.292563599999998,11.9054494,114.2710452,47.1401164,109.2352872,0.0,9.327099599999999,2.001792,8.1823248,0.0,51.598274,24.5553152,41.5538656,-28.010491599999998,3.1236296,235.84446079999998,0.5213,148.50690139999998,-12.6957402,1.5993484,46.9941524,,
2024,ACESSÓRIOS,Despesas com salários e encargos de atletas ,32.6427634,254.0253196,112.2139954,306.18764020000003,302.35295740000004,383.3786164,74.525048,208.890123,96.3393678,402.464452,279.140511,100.7954402,171.6609622,80.5533612,199.6933484,333.413054,63.7529048,277.0365442,162.4485486,65.913172,164.5410468,,
2024,ACESSÓRIOS,Direitos de imagem,15.618148,83.116072,29.7526762,0.0,86.0155426,0.0,28.3451662,0.0,0.0,143.899652,82.1495818,48.142055,0.0,0.0,66.98287959999999,88.4677378,0.0,114.5389934,60.018311600000004,0.0,30.6639086,,
2024,ACESSÓRIOS,Amortização,5.0764194,117.3738228,47.6405644,102.623118,135.0354668,86.0030314,3.513562,85.8237042,10.733566999999999,222.3959634,34.022123199999996,54.7646502,49.4234104,0.0,81.01002,109.56162099999999,0.8142706,86.6640398,95.8483032,11.541582,45.8160144,,
2024,ACESSÓRIOS,Depreciação,2.1498411999999996,4.5634602,12.598778399999999,2.5825202,6.4265864,0.0,0.9779587999999999,4.7970026,0.8351226,11.8793844,4.629144,1.3699764,6.5965302,2.1133502,19.3944452,19.698884399999997,2.8160626,13.483945799999999,3.1142462,7.5421683999999996,2.6721838,,
2024,ACESSÓRIOS,Resultado Financeiro,2.3583612,-228.83297579999999,-30.741061,3.482284,-170.6975998,-114.11048480000001,-6.2253646,-24.4687794,2.8546388,-48.1535236,-71.5828308,-4.7563412000000005,-63.4870418,-1.3126334,-66.8327452,-79.7130256,-1.9527898,-97.3642436,-60.566719199999994,-6.5464854,-76.0816498,9.094,
2024,ACESSÓRIOS,PC,19.7489292,1201.2753791999999,183.08056,272.8442496,1249.795898,1325.2519878,225.00871899999999,350.5606962,36.5910896,552.3705226000001,408.1643462,186.411667,319.9468324,7.248155199999999,636.7272886,782.8299544,35.7517966,880.934444,490.3024594,171.9779126,455.673543,136.313,
2024,ACESSÓRIOS,PNC,35.6381532,1276.9222648,211.7927214,1201.9634952000001,370.9633356,1247.814958,430.23931600000003,1015.9792941999999,1.741142,607.1654082,494.4259424,35.078277,510.0284514,6.099209999999999,663.9756396,765.3768304,11.6552254,1074.3993,771.7095828,188.4457796,562.988361,640.407,
2024,ACESSÓRIOS,Caixa e Equivalentes de Caixa,8.3418426,20.653906,133.9146718,140.1118862,135.558852,13.239977399999999,0.28358720000000004,7.3232224,3.0569032,95.7534266,10.8670198,26.4080154,11.619777,20.9020448,3.930602,39.9972638,32.7345122,24.7388128,29.7182704,32.3393668,0.177242,29.015,
2024,ACESSÓRIOS,Depósitos Judicias,0.1595178,32.4915864,0.0,13.2170402,0.0,71.1866428,8.1614728,3.3060845999999997,0.0,52.0976794,2.3646168,0.0,9.393825999999999,0.0,13.1127802,14.0479924,0.0,5.4090088,29.994559399999996,7.9748474,9.388613000000001,,
2024,ACESSÓRIOS,Receitas Diferidas,1.907958,577.7421936,4.9294128,486.7680454,439.9136014,592.1300736000001,390.8384194,88.094487,0.0,157.1490128,5.3047488,28.3180586,0.8684858,5.9052864,50.477479,659.8365176,12.3985992,899.9598088,157.719315,100.4148912,227.8883802,56.185,
2024,ACESSÓRIOS,Contas a Receber (atletas),2.9411746,200.241756,0.0,0.0,17.260243,0.0,2.2874643999999997,49.9676476,0.0,155.3818058,125.1203408,9.7107764,55.0670042,0.0,0.0,269.2451944,0.0,83.5445806,39.0339014,26.8511204,147.4976646,,
2024,ACESSÓRIOS,Demais Passivos s/ Exigibilidade,0.0,0.0,0.0,0.0,0.0,0.0,0.0,0.0,0.0,0.0,0.0,0.0,0.0,0.0,201.70139599999996,0.0,0.0,0.0,0.0,0.0,0.0,108.337,
2024,ACESSÓRIOS,Pontuação Série A,30.0,47.0,42.0,53.0,79.0,56.0,47.0,52.0,30.0,70.0,46.0,68.0,45.0,38.0,65.0,73.0,45.0,59.0,50.0,0.0,0.0,,
2023,RECEITA,Receita Total,139.61654099999998,499.50318599999997,651.596322,173.089666,305.162321,915.517567,84.295439,245.369756,172.620769,1438.2491890000001,726.803466,267.863696,515.315617,111.204006,438.00444799999997,917.18002,52.52958,731.1765590000001,381.75429599999995,79.726699,436.745312,462.30839599999996,
2023,RECEITA,Receita Recorrente,130.21892699999998,377.84900700000003,524.031199,166.942634,261.68496700000003,641.1450560000001,77.239031,222.72935399999997,153.76433299999997,1106.53134,475.844108,229.030499,461.16839699999997,110.69904,344.651318,712.76716,49.668106,599.225227,242.745463,76.7286,274.269769,410.87509499999993,
2023,RECEITA,Receita c/ Transmissão + Premiações,11.784726,106.80030899999998,87.21046999999999,83.65603399999999,167.90666,452.029824,14.768616,111.18870399999999,113.196545,464.957828,303.015669,97.13490999999999,211.04737,15.314022999999999,163.816654,287.203238,35.051417,283.569013,129.558755,21.353941,96.593,0.0,
2023,RECEITA,Receita Comercial,4.7906189999999995,64.509953,42.131871,34.013067,48.067954,127.954231,11.436058999999998,66.00954899999999,23.724658,353.031349,54.24559,39.961173,94.135718,5.74918,85.08458499999999,171.266542,7.826973,70.61654399999999,62.980846,19.085966,77.626,0.0,
2023,RECEITA,Receita c/ Match-Day + Sócio-Torcedor,2.8450789999999997,81.35199,86.406022,53.772321,55.538608999999994,99.212703,36.667964,65.21821700000001,24.612174,284.476203,104.976092,59.640637999999996,96.666013,17.809342,92.515892,133.01919299999997,5.97871,142.913029,64.71652999999999,31.941831999999998,44.869,0.0,
2023,RECEITA,Receita c/ Negociação de atletas,9.397614,121.654179,127.565123,6.147031999999999,43.477354,274.372511,7.056408,22.640402,18.856436,331.717849,250.95935799999998,38.833197000000006,54.14722,0.504966,93.35313,204.41286,2.861474,131.951332,139.00883299999998,2.998099,162.47554300000002,51.433301,
2023,DESPESA,Folha do Futebol,36.016536,237.34385699999999,142.62556999999998,132.506576,253.21968199999998,381.31928200000004,37.960983,103.516937,81.63616999999999,506.11365,357.920338,125.31463600000001,139.923674,34.149692,212.593965,418.4004,24.712729999999997,348.94352899999996,174.73572399999998,53.679416,186.227,0.0,
2023,DESPESA,Folha do Futebol + Amortização,41.094614,322.34428099999997,183.45458499999998,168.009402,353.053209,469.94300100000004,38.74685,137.033782,89.41177199999998,698.1854470000001,378.339764,165.845262,221.841838,34.149692,265.355261,517.114695,30.317633999999998,405.28439999999995,239.09047099999998,55.914601000000005,227.022,0.0,
2023,DESPESA,Folha do Futebol + Compra de Jogadores,48.313879,349.015667,200.295529,172.445889,338.11955,438.90070800000007,40.144797,215.571297,81.63616999999999,804.6589489999999,364.148252,206.83932,166.079164,36.808961000000004,305.947095,581.761273,28.097750999999995,432.86078999999995,345.54429899999997,53.679416,324.475631,124.247868,
2023,DESPESA,Custo das Atividades Esportivas,67.740861,522.915246,252.18570400000002,199.591637,409.693562,742.4180640000001,87.813806,192.671854,-41.716531,933.1618659999999,573.74849,241.495071,397.362336,-11.381409,314.249523,849.564854,41.352562,568.224468,321.12667899999997,98.89573299999999,303.152294,373.384102,
2023,RESULTADO,Resultado Operacional (Segmento Futebol),43.80744,339.345896,288.454723,-69.860188,23.465617,173.099503,-10.574775,94.78823899999999,41.492466,318.827007,135.421607,83.019908,29.429025,64.42142,251.02275199999997,67.615166,11.178111,52.05959000000012,-77.04884899999999,81.210993,-1.4941309999999999,51.824594999999995,
2023,RESULTADO,Resultado,45.58903,154.981935,418.91192399999994,-72.169697,-61.248441,132.0344,-26.329276999999998,284.306788,40.830108,349.26268500000003,86.042053,72.363158,-30.632417999999998,62.504298,184.269963,9.317825000000001,1.5564319999999998,-68.047994,-136.15282399999998,78.69490699999999,-5.961221999999999,29.602812,
2023,PASSIVOS,Dívida Líquida,40.55795100000001,19.147174000000003,236.82796099999993,444.54495999999995,821.4900560000001,1221.4624759999997,245.081204,831.8877650000001,-2.7150119999999998,157.55922899999996,770.428375,66.031409,601.7336619999999,2.8636599999999994,743.0093770000001,543.4986220000001,33.233758,756.6751560000002,762.5675189999998,253.88531899999998,526.52,567.96652,
2023,CAIXA,Geração de Caixa Operacional,-12.917074,-458.72991399999995,254.294101,-269.209179,186.27671099999998,103.628423,6.64544,9.480682,0.0,383.740277,64.899061,92.80663,68.69505,11.89184,156.40720699999997,258.930607,7.020339,102.172547,139.548775,-16.331606,131.36657699999998,272.974564,
2023,CAIXA,Caixa Líquido Gerado (Consumido) pelas Atividades de Financiamento,-0.550872,115.994625,-88.59967300000001,404.690901,475.05605499999996,-50.966590000000004,-9.424938999999998,64.49465099999999,0.0,-44.332080000000005,21.995531999999997,-1.679941,-7.895832,-2.083258,-37.372949,-15.682364,1.396854,1.1181389999999998,136.66544100000002,2.555434,-30.197404,56.84692999999999,
2023,CAIXA,Saldo de Caixa,4.0441,5.670483999999999,164.229808,54.293682,17.550300999999997,0.8044479999999999,0.060115,73.492227,14.035212999999999,256.294291,45.607611,16.400465,29.272726,4.233189,1.026327,15.441904,1.6996149999999999,3.657178,87.359118,6.665114,0.636126,37.560945000000004,
2023,INVESTIMENTO,Aquisições de atletas,12.297343,111.67181,57.669959,39.939313,84.899868,57.581426,2.183814,112.05435999999999,0.0,298.54529899999994,6.227914,81.524684,26.15549,2.6592689999999997,93.35313,163.360873,3.385021,83.917261,170.808575,0.0,120.92952,124.247868,
2023,ACESSÓRIOS,Receita c/ Direitos de transmissão,11.784726,106.80030899999998,47.158578,83.65603399999999,100.976805,335.55537200000003,14.768616,111.18870399999999,113.196545,464.957828,303.015669,54.953854,211.04737,15.314022999999999,82.184856,199.906421,35.051417,283.569013,107.875821,21.353941,105.576149,,
2023,ACESSÓRIOS,Premiações,0.0,0.0,40.051891999999995,0.0,66.929855,116.47445199999999,0.0,0.0,0.0,0.0,0.0,42.181056,0.0,0.0,81.631798,87.296817,0.0,0.0,21.682934,0.0,0.0,,
2023,ACESSÓRIOS,Receita c/ Match-Day,2.2493939999999997,51.874872999999994,23.354131,53.772321,24.753171,99.212703,7.248775999999999,31.286032,22.057833,185.16513,42.914458999999994,21.911371,2.657083,1.00556,12.637265999999999,68.841512,1.3760869999999998,120.48139,29.961315999999997,18.151450999999998,28.084635,,
2023,ACESSÓRIOS,Receita c/ Sócio-torcedor,0.5956849999999999,29.477117,63.051891,0.0,30.785438,0.0,29.419188,33.932185000000004,2.554341,99.31107300000001,62.061633,37.729267,94.00893,16.803782,79.878626,64.17768099999999,4.602623,22.431639,34.755213999999995,13.790381,20.957182,,
2023,ACESSÓRIOS,Receita com Publicidade e Patrocínio,4.7906189999999995,51.014682,42.131871,34.013067,45.721283,127.954231,11.436058999999998,53.097939999999994,22.550776000000003,247.06062699999998,54.24559,34.605473,80.959603,4.483486,70.82639999999999,132.297813,7.826973,50.375277,53.537326,19.085966,84.845218,,
2023,ACESSÓRIOS,Receita com Licenciamento da Marca,0.0,13.495270999999999,0.0,0.0,2.3466709999999997,0.0,0.0,12.911609,1.173882,105.970722,0.0,5.355700000000001,13.176115,1.2656939999999999,14.258185,38.968728999999996,0.0,20.241266999999997,9.443520000000001,0.0,0.0,,
2023,ACESSÓRIOS,Outras receitas,101.401982,3.532576,308.28283600000003,15.370859,69.548683,0.0,9.320011,945.4449999999999,3.8145700000000002,67.40531,14.980657999999998,48.305135,68.31687199999999,71.82758799999999,3.234187,121.278187,0.811006,102.12664099999999,-14.510667999999999,4.346861,34.806585,,
2023,ACESSÓRIOS,Despesas com salários e encargos de atletas ,27.48895,179.07602699999998,110.13942399999999,132.506576,190.006027,381.31928200000004,30.111057,103.516937,81.63616999999999,370.58165,298.6076,84.552294,139.923674,34.149692,177.410295,325.766464,24.712729999999997,262.780153,135.06528899999998,53.679416,160.75844,,
2023,ACESSÓRIOS,Direitos de imagem,8.527586,58.267830000000004,32.486146,0.0,63.213655,0.0,7.849926,0.0,0.0,135.53199999999998,59.312737999999996,40.762342,0.0,0.0,35.18367,92.63393599999999,0.0,86.16337599999999,39.670435,0.0,42.787670999999996,,
2023,ACESSÓRIOS,Amortização,5.078078,85.000424,40.829015,35.502826,99.83352699999999,88.623719,0.785867,33.516844999999996,7.775601999999999,192.071797,20.419425999999998,40.530626,81.91816399999999,0.0,52.761295999999994,98.71429499999999,5.604904,56.34087099999999,64.35474699999999,2.235185,44.588935,,
2023,ACESSÓRIOS,Depreciação,1.819845,1.7389629999999998,11.328945,1.455876,3.591598,0.0,0.694055,3.6287599999999998,0.0,8.449983,4.682411999999999,1.776125,5.753552,1.252578,19.733022,20.913462,0.960747,15.155538,2.857102,7.463004,2.617735,,
2023,ACESSÓRIOS,Resultado Financeiro,1.7815899999999998,-183.974853,-19.092524,-2.309509,-84.714058,-46.930141,4.4200919999999995,189.518549,-0.662358,30.435678,-49.379554,-10.656749999999999,-60.061443,-1.9160289999999998,-66.75278899999999,-58.297341,-3.241838,-84.755592,-59.103975,-2.516086,-4.465998,-6.943828999999999,
2023,ACESSÓRIOS,PC,41.222495,23.68531,145.602902,208.58593399999998,761.440636,969.953339,129.030836,211.81465599999999,8.947298,410.183226,362.21254899999997,112.13087,345.255747,7.09357,522.963338,592.44972,22.207574,787.245273,405.970804,133.577716,343.451204,143.318532,
2023,ACESSÓRIOS,PNC,24.077697,2.13135,258.50433699999996,402.778151,168.034541,821.1293659999999,160.005363,775.513011,2.3729029999999995,394.058197,537.3177069999999,27.552343999999998,356.026169,7.061873,612.202416,639.966802,23.191274,640.3493520000001,689.3857039999999,168.24767599999998,503.70577099999997,546.737181,
2023,ACESSÓRIOS,Caixa e Equivalentes de Caixa,4.0441,5.670483999999999,164.229808,54.293682,17.550300999999997,0.8044479999999999,0.060115,73.492227,14.035212999999999,256.294291,45.607611,16.400465,29.272726,4.233189,1.026327,15.441904,1.6996149999999999,3.657178,87.359118,6.665114,0.636126,37.560945000000004,
2023,ACESSÓRIOS,Depósitos Judicias,0.261227,0.0,0.0,6.3372139999999995,0.0,20.017202,7.964690999999999,2.8472649999999997,0.0,64.24654,4.597158,0.0,7.214893,0.0,22.6251,9.713491,0.0,6.29568,30.935179,8.275103,9.585609999999999,,
2023,ACESSÓRIOS,Receitas Diferidas,2.948914,0.0,3.04947,98.127354,83.16637,407.673698,33.744189,68.97704399999999,0.0,132.003796,33.015158,43.860997,20.263127,7.058594,135.698136,608.3299169999999,10.465475,472.50499299999996,160.875391,84.695477,187.19811,,
2023,ACESSÓRIOS,Contas a Receber (atletas),17.488,0.9990020000000001,0.0,8.060875,7.2684500000000005,141.124881,2.186,10.123366,0.0,194.137567,45.881954,13.390343,42.797508,0.0,0.0,55.432588,0.0,188.461618,53.61930099999999,3.5828539999999998,49.05384,,
2023,ACESSÓRIOS,Demais Passivos s/ Exigibilidade,0.0,0.0,0.0,0.0,0.0,0.0,0.0,0.0,0.0,0.0,0.0,0.0,0.0,0.0,232.80681399999997,0.0,0.0,0.0,0.0,-55.278475,0.0,84.52824799999999,
2023,ACESSÓRIOS,Pontuação Série A,,,,,,,,,,,,,,,,,,,,0.0,0.0,,
2022,RECEITA,Receita Total,114.576413,450.8923415,399.2198635,114.53295999999999,162.02022799999997,745.838727,62.1000545,167.09736800000002,141.494403,1161.8954844999998,376.12002,278.0431685,389.0289915,31.182101499999998,533.4747679999999,903.9882074999999,87.050081,744.2366835,142.681356,85.8116705,390.90890549999995,,
2022,RECEITA,Receita Recorrente,98.103152,350.624544,283.1729095,90.04605099999999,162.02022799999997,578.3960219999999,50.3563095,148.5349325,141.494403,1009.4086159999999,268.711065,255.6214205,272.35425599999996,30.012300999999997,336.56406799999996,705.1735799999999,79.605896,482.7250945,116.17273899999999,52.51752450000001,310.25213299999996,,
2022,RECEITA,Receita c/ Transmissão + Premiações,79.72710699999999,176.901737,147.6292805,24.7213265,0.0,399.4920165,3.9485054999999996,32.829885,100.12600350000001,368.63695599999994,173.151057,137.26230950000001,80.02327349999999,12.891818999999998,176.352857,300.1973375,57.099529,234.49983199999997,36.981933500000004,0.0,119.9222755,,
2022,RECEITA,Receita Comercial,5.7255044999999996,78.96096200000001,29.248442999999998,20.7373725,0.0,131.83754549999998,7.5871224999999995,49.136194999999994,6.28925,271.999771,37.223212,27.180995,57.13726449999999,4.0491335,79.3852005,179.950308,15.603057499999998,80.3343055,35.3695985,28.761312,76.166248,,
2022,RECEITA,Receita c/ Match-Day + Sócio-Torcedor,10.093674499999999,77.8208925,71.1176955,43.1751295,0.0,130.3464215,15.136509499999999,71.1954535,15.149087999999999,198.64195899999999,53.33855749999999,61.55803549999999,165.04135499999998,10.0273515,64.75983550000001,120.835932,6.483644999999999,94.3353195,44.1951315,21.872867999999997,72.751757,,
2022,RECEITA,Receita c/ Negociação de atletas,16.473261,100.2677975,116.04695399999999,24.486909,0.0,167.442705,11.743744999999999,18.5624355,0.0,152.48686849999999,107.408955,22.421748,116.6747355,1.1698004999999998,196.9107,198.8146275,7.444184999999999,261.51158899999996,26.508616999999997,33.294146,80.65677249999999,,
2022,DESPESA,Folha do Futebol,44.7417245,286.044238,193.50878749999998,82.49437699999999,0.0,389.354889,15.9026545,65.6369,80.623611,501.351566,-238.6610285,-97.68348749999998,-132.58882499999999,0.0,208.713907,392.58184600000004,46.0087225,240.5157855,76.28974600000001,46.5690375,168.52445600000001,,
2022,DESPESA,Folha do Futebol + Amortização,48.28314399999999,430.902818,237.3345685,89.88367399999998,92.644083,472.368415,16.210256,76.42124849999999,83.1884815,708.7081385,-264.9020665,-122.22299749999999,-229.75773749999996,0.176099,257.099966,505.818077,51.553554,366.462019,85.833397,47.960677000000004,179.8256665,,
2022,DESPESA,Folha do Futebol + Compra de Jogadores,52.093286,455.7888085,301.6747395,91.92253449999998,221.88359649999998,479.81831750000003,16.0741795,109.90978949999999,91.658386,765.5538105,-207.870004,-45.406097999999986,-59.52489249999998,0.0,344.822425,512.1359145,49.221957499999995,334.0929645,77.57618350000001,48.0098475,239.27051400000002,,
2022,DESPESA,Custo das Atividades Esportivas,99.55082300000001,250.59459449999997,383.96671699999996,113.8708735,307.5157375,646.095796,-2.337314,123.7575745,112.29284349999999,864.277883,-333.95460099999997,-175.32027649999998,-388.732825,20.747663999999997,353.24544599999996,836.0997560000001,70.36527249999999,712.3559035,116.9400275,75.098219,322.73800950000003,,
2022,RESULTADO,Resultado Operacional (Segmento Futebol),15.02559,200.297747,15.2531465,-28.5154595,-277.60177749999997,99.742931,52.6936235,-63.304159999999996,29.2015595,297.6176015,42.165419,35.937917999999996,-80.2908525,3.977093,57.7456065,67.8884515,8.0445225,31.880779999999998,633.409807,10.7134515,121.99315399999999,,
2022,RESULTADO,Resultado,15.7745825,80.7185215,54.49920999999999,-88.91627299999999,-283.917328,17.5744515,39.822387500000005,-62.973688499999994,29.490865,155.16151499999998,8.07311,36.9133235,-110.1659335,2.5968885,1.180092,20.823135,5.850146,42.8732455,570.0130234999999,-19.965510000000002,19.314858499999996,,
2022,PASSIVOS,Dívida Líquida,7.404162499999998,1823.9614014999997,398.82192549999996,307.82105199999995,308.9862785,1121.1137005,238.93546849999996,1131.1890789999998,4.744381499999999,342.8910535,982.3808499999999,73.10738549999999,818.0015814999999,-13.499017499999999,970.8257825000001,355.7657200000001,36.2683895,810.142306,828.2118929999999,423.49065099999996,534.4581780000001,,
2022,CAIXA,Geração de Caixa Operacional,-0.3647765,-174.9978095,145.789389,1.3413255,8.4241645,179.88284149999998,4.530547,-10.588809999999999,30.653804499999996,376.4619265,43.0905105,66.670624,78.3377545,12.971863999999998,169.2391435,236.8314285,3.2258135,111.96008499999999,-70.7517755,7.5173689999999995,66.862732,,
2022,CAIXA,Caixa Líquido Gerado (Consumido) pelas Atividades de Financiamento,-0.560315,301.43689149999994,24.3599805,-2.1051835,170.9040795,-61.145232,0.230987,78.871769,-9.446453499999999,-52.9177495,-11.643117,37.7355,61.186398000000004,-11.155986,-37.764087499999995,-42.096809,0.301884,12.7969085,39.688598,2.8004314999999997,25.1581435,,
2022,CAIXA,Saldo de Caixa,9.0576635,15.121644,100.0825505,3.608886,3.8593124999999997,13.827202,0.016009,17.836313,3.922205,270.8802845,58.3185,11.2280265,44.809191,0.375068,2.1120445,12.644822999999999,5.448777499999999,29.760731,1.157222,0.6323555000000001,23.851123,,
2022,INVESTIMENTO,Aquisições de atletas,7.3515615,169.7445705,108.16595199999999,9.4281575,221.88359649999998,90.4634285,0.17152499999999998,44.2728895,11.034775,264.2022445,30.7910245,52.2773895,73.0639325,0.0,136.108518,119.5540685,3.213235,93.577179,1.2864375,1.44081,70.746058,,
2022,ACESSÓRIOS,Receita c/ Direitos de transmissão,79.72710699999999,176.901737,54.6993225,24.7213265,0.0,363.18589149999997,3.9485054999999996,32.829885,100.12600350000001,368.63695599999994,95.061442,64.5905975,80.02327349999999,12.891818999999998,160.7818175,192.1091435,57.099529,201.262861,34.2718385,0.0,119.9222755,,
2022,ACESSÓRIOS,Premiações,0.0,0.0,92.929958,0.0,0.0,36.306125,0.0,0.0,0.0,0.0,78.08961500000001,72.671712,0.0,0.0,15.571039500000001,108.088194,0.0,33.236971,2.710095,0.0,0.0,,
2022,ACESSÓRIOS,Receita c/ Match-Day,9.302372499999999,44.3918135,27.613238,20.642462,0.0,111.603313,4.348730499999999,36.5199595,15.149087999999999,115.75764849999999,27.869381999999998,21.186767999999997,104.0585,1.3756305,17.619048,63.971964,1.5940389999999998,73.643687,12.676841,17.095325,50.3906145,,
2022,ACESSÓRIOS,Receita c/ Sócio-torcedor,0.791302,33.429079,43.5044575,22.5326675,0.0,18.743108499999998,10.787778999999999,34.675494,0.0,82.8843105,25.4691755,40.371267499999995,60.982854999999994,8.651721,47.1407875,56.863968,4.889606,20.691632499999997,31.5182905,4.777543,22.3611425,,
2022,ACESSÓRIOS,Receita com Publicidade e Patrocínio,5.7255044999999996,78.96096200000001,29.248442999999998,20.7373725,0.0,107.06361799999999,7.5871224999999995,37.313548499999996,6.28925,171.29973049999998,37.223212,25.472606,50.291129999999995,3.206374,64.68893849999999,155.236986,14.6196475,61.9125205,26.9900305,28.761312,76.166248,,
2022,ACESSÓRIOS,Receita com Licenciamento da Marca,0.0,0.0,0.0,0.0,0.0,24.7739275,0.0,11.8226465,0.0,100.7000405,0.0,1.708389,6.8461345,0.8427595,14.696261999999999,24.713321999999998,0.98341,18.421785,8.379568,0.0,0.0,,
2022,ACESSÓRIOS,Outras receitas,2.5568660000000003,48.37348049999999,59.6918435,10.7729135,0.0,61.785591999999994,13.2931875,0.20582999999999999,19.930061499999997,245.71871050000001,4.9982385,29.620080499999997,74.1068045,3.0439969999999996,16.066175,104.19000249999999,0.4196645,1.96682,8.921586999999999,4.736377,41.4118525,,
2022,ACESSÓRIOS,Despesas com salários e encargos de atletas ,31.116922,221.857296,160.92018099999999,82.49437699999999,0.0,313.0457035,15.105635000000001,65.6369,80.623611,399.05863,-201.06389199999998,-72.26462599999999,-132.58882499999999,0.0,175.506667,319.03535650000003,46.0087225,181.722733,65.433357,46.5690375,130.81640000000002,,
2022,ACESSÓRIOS,Direitos de imagem,13.624802499999998,64.186942,32.5886065,0.0,0.0,76.3091855,0.7970194999999999,0.0,0.0,102.292936,-37.5971365,-25.4188615,0.0,0.0,33.20724,73.54648949999999,0.0,58.793052499999995,10.856389,0.0,37.708056,,
2022,ACESSÓRIOS,Amortização,3.5414195,144.85858,43.825781,7.389296999999999,92.644083,83.013526,0.3076015,10.784348499999998,2.5648704999999996,207.3565725,-26.241038,-24.53951,-97.16891249999999,0.176099,48.386058999999996,113.23623099999999,5.5448315,125.9462335,9.543651,1.3916395000000001,11.301210499999998,,
2022,ACESSÓRIOS,Depreciação,1.8513264999999999,1.8890619999999998,10.995896,1.8924925,0.1315025,8.260644,2.220677,2.0274254999999997,0.48941799999999996,7.9050155,-5.0085299999999995,-2.1143315,-4.2183715,1.262424,20.648179499999998,22.5761205,0.36248949999999996,16.962678999999998,1.9450935,6.7432195,2.5923144999999996,,
2022,ACESSÓRIOS,Resultado Financeiro,0.750136,-118.64384249999999,39.2460635,-19.713939999999997,-6.3155505,-70.5436585,-1.1217735,0.3304715,0.290449,-23.997491,-34.092309,-2.9353645,-29.875081,-1.3802045,-56.5655145,-47.065316499999994,-2.1943765,-59.7101395,-63.3967835,-6.604856,-48.8560375,,
2022,ACESSÓRIOS,PC,13.40182,1097.9989914999999,340.48398599999996,191.89645249999998,352.477014,942.6133504999999,123.6866775,158.505109,6.314407,448.44296449999996,335.21588149999997,85.70418149999999,365.892556,5.250952,538.147109,535.08939,16.823172,669.3374335,272.560086,246.890798,402.052313,,
2022,ACESSÓRIOS,PNC,15.830613999999999,858.5718179999999,162.97848100000002,208.219915,106.8749405,617.823902,154.637792,1027.6188535,2.3521794999999996,463.32333,571.9375339999999,24.929443499999998,377.348139,10.6311195,634.521289,906.283212,33.9973985,611.42945,642.7979419999999,63.970820499999995,405.686356,,
2022,ACESSÓRIOS,Caixa e Equivalentes de Caixa,9.0576635,15.121644,100.0825505,3.608886,3.8593124999999997,13.827202,0.016009,17.836313,3.922205,270.8802845,58.3185,11.2280265,44.809191,0.375068,2.1120445,12.644822999999999,5.448777499999999,29.760731,1.157222,0.6323555000000001,23.851123,,
2022,ACESSÓRIOS,Depósitos Judicias,0.20354299999999997,27.0426315,2.673503,25.586956,0.0,17.131916999999998,6.196626499999999,0.5340145000000001,0.0,60.692406,19.549276,0.3602025,8.9364525,0.3419065,15.059895,10.101678999999999,0.0,3.021127,26.481173000000002,8.7283355,26.6995815,,
2022,ACESSÓRIOS,Receitas Diferidas,3.839873,74.2577465,1.884488,61.3224745,146.5063635,327.55328799999995,30.8893655,34.369036,0.0,133.409858,56.669573,25.938010499999997,42.398693,7.9416075,132.3132415,758.8346045,9.1034035,340.2381335,49.6084605,14.65967,119.813643,,
2022,ACESSÓRIOS,Contas a Receber (atletas),8.727191999999999,16.187386,0.0,1.776999,0.0,80.811145,2.287,2.1955199999999997,0.0,103.8926925,92.0460325,0.0,35.4107645,0.0,0.0,304.02577549999995,0.0,0.0,9.8992795,3.515119,50.416915,,
2022,ACESSÓRIOS,Demais Passivos s/ Exigibilidade,0.0,0.0,0.0,0.0,0.0,0.0,0.0,0.0,0.0,0.0,-301.810816,0.0,-206.3159875,20.722507,52.357434500000004,0.0,0.0,97.60458599999998,0.0,-140.1645125,52.4992285,,
2022,ACESSÓRIOS,Pontuação Série A,,,,,,,,,,,,,,,,,,,,0.0,0.0,,
2021,RECEITA,Receita Total,136.9586049,597.8772892,309.7279589,234.49913529999998,0.0,510.0712147,71.5852072,170.03785140000002,77.0760355,1142.3850338,379.7671695,189.4970856,602.5019723,18.4914742,463.57397579999997,1124.3133255,82.4688781,562.9060719,212.74268080000002,101.21801839999999,492.15676740000004,,
2021,RECEITA,Receita Recorrente,132.4839246,477.92464689999997,270.87118519999996,191.62615759999997,0.0,475.92017400000003,45.8742434,145.4131982,77.0760355,805.5851986000001,247.19251739999999,184.1877123,410.27701320000006,18.215662599999998,356.61472119999996,955.9859898999999,79.00429729999999,416.36543329999995,141.3449771,95.9933241,362.5628161,,
2021,RECEITA,Receita c/ Transmissão + Premiações,120.6941884,337.8498548,228.826852,149.4064179,0.0,337.03693640000006,22.737521200000003,53.51954739999999,48.1484794,317.1651945,213.8773794,132.9121584,230.61720799999998,9.3243676,208.67325,606.3101079,67.452872,294.0163753,82.7410606,0.0,168.1253157,,
2021,RECEITA,Receita Comercial,3.9133795,60.2563667,19.5076222,22.046782500000003,0.0,193.3838517,3.5286949,45.7363376,10.656247299999999,244.8892486,24.3173894,18.410424300000003,65.0310526,2.5185954,66.4403531,229.3264581,7.062228599999999,59.328526800000006,32.5022196,83.4317993,60.261205499999996,,
2021,RECEITA,Receita c/ Match-Day + Sócio-Torcedor,1.0717942,67.33916020000001,32.4211697,27.763824699999997,0.0,30.8388821,4.7855732,11.708686299999998,4.766218,79.69624569999999,13.6901749,23.915768999999997,68.05651230000001,2.2754457,52.718726,37.5103776,3.6061157,21.7467769,26.869856400000003,24.5968301,113.89446469999999,,
2021,RECEITA,Receita c/ Negociação de atletas,4.4746803,119.95264230000001,38.856773700000005,42.8729777,0.0,34.1510407,25.710963800000002,24.6246532,0.0,336.7998352,132.5746521,5.3093733,192.22495909999998,0.2758116,106.95925460000001,168.3273356,3.4645808,146.5406386,71.3977037,5.2246943,129.59395130000001,,
2021,DESPESA,Folha do Futebol,36.3962439,317.96601589999995,151.70847700000002,128.5403026,0.0,308.3585785,18.630589699999998,0.0,55.3788563,428.391061,225.3525936,92.1694624,162.9865101,0.0,202.63563729999998,428.7503419,33.9163589,271.1361095,78.1478297,59.5015139,174.2911566,,
2021,DESPESA,Folha do Futebol + Amortização,38.4987025,473.90965259999996,174.7181807,147.208393,0.0,379.39579160000005,19.7277876,16.8112009,55.6014411,593.9965715999999,242.2351668,99.7603299,250.1357175,0.3193608,252.7777023,563.6851187,42.2403046,359.5663892,81.6172493,62.8487538,189.9918529,,
2021,DESPESA,Folha do Futebol + Compra de Jogadores,38.202326,453.60483809999994,214.59473150000002,140.3155224,0.0,376.1864575,22.517355799999997,1.3113148000000001,55.7357178,573.264733,241.0145795,114.27672989999999,240.70247690000002,0.0,245.9477361,526.6997509,35.7563126,331.11061609999996,80.9906247,67.1008493,195.61574819999998,,
2021,DESPESA,Custo das Atividades Esportivas,98.4042562,396.09207100000003,270.9050568,192.05197199999998,0.0,401.2006341,98.60748579999999,204.16469809999998,82.0612092,849.0606068999999,352.058991,129.1826533,443.27158069999996,16.281352299999998,319.46725360000005,907.2713709,61.752765600000004,677.4815977000001,111.35530440000001,78.8301005,411.91010819999997,,
2021,RESULTADO,Resultado Operacional (Segmento Futebol),38.5543487,201.7852182,38.82290210000001,13.991390200000001,0.0,108.87058060000001,-27.0222786,0.0,-4.983964,293.3244269,27.708178500000002,20.1427147,28.057781799999997,-3.3109489,47.601695,217.0419546,12.571202399999999,-114.5755258,173.86776160000002,22.3891276,80.2466592,,
2021,RESULTADO,Resultado,37.13779,123.2260905,80.1498832,33.5703847,0.0,6.883193,-51.194504,-136.7529559,-6.0303545000000005,214.89836619999997,-2.4907723,18.509619700000002,17.2043534,-3.6387776,0.9520339,161.0207476,22.1072675,-128.796759,147.81687209999998,-85.0237645,53.1481695,,
2021,PASSIVOS,Dívida Líquida,12.211921499999995,1649.1985264,301.9725722,252.32648419999998,-0.0012097,1135.6506339000002,242.41057330000004,1140.7628261,17.862430200000002,474.04030019999993,778.3004151,64.9342766,476.3653435999999,-3.208124399999999,841.0294085999999,529.0465688999998,38.1164373,839.4676858999999,840.8394857,559.0096282000001,478.71821009999996,,
2021,CAIXA,Geração de Caixa Operacional,33.7300651,271.72523340000004,141.37521959999998,-26.6605783,0.0,92.675117,18.0196912,27.0416338,-2.0843131,383.16279740000004,101.9063377,35.6317135,108.07217859999999,-3.8674109,100.1087235,275.3990923,23.327854799999997,63.7560288,0.7911438000000001,5.2065488,31.4969589,,
2021,CAIXA,Caixa Líquido Gerado (Consumido) pelas Atividades de Financiamento,-0.4790412,123.5285155,1.7359195,0.4935576,0.0,-27.950118500000002,-11.1026266,-27.484384,11.0542386,3.8795078999999997,-37.8720779,-5.7884145,18.6680904,4.0815278,-36.684152499999996,-85.1217502,1.1467956,45.3468142,20.2092482,2.0649579,18.9838221,,
2021,CAIXA,Saldo de Caixa,28.020281100000002,21.4516101,184.0909363,3.1379618,0.0012097,5.2803405,0.145164,8.6191125,0.7681595,153.85206540000001,24.375455,5.062594499999999,28.2694793,0.5939627,11.2635167,17.8684787,8.4025762,47.298060299999996,1.5109153000000002,0.7028357,16.6236974,,
2021,INVESTIMENTO,Aquisições de atletas,1.8060821,135.6388222,62.8862545,11.7752198,0.0,67.827879,3.8867661,1.3113148000000001,0.3568615,144.873672,15.6619859,22.1072675,77.7159668,0.0,43.3120988,97.949409,1.8399537,59.974506600000005,2.842795,7.5993354,21.3245916,,
2021,ACESSÓRIOS,Receita c/ Direitos de transmissão,120.6941884,337.8498548,137.724345,149.4064179,0.0,321.67737550000004,12.440554800000001,53.51954739999999,48.1484794,317.1651945,115.7961131,65.96857010000001,230.61720799999998,9.3243676,137.9118485,294.4458188,67.452872,235.66649579999998,74.7147011,0.0,168.1253157,,
2021,ACESSÓRIOS,Premiações,0.0,0.0,91.102507,0.0,0.0,15.359560899999998,10.2969664,0.0,0.0,0.0,98.0812663,66.9435883,0.0,0.0,70.76140149999999,311.8642891,0.0,58.3498795,8.0263595,0.0,0.0,,
2021,ACESSÓRIOS,Receita c/ Match-Day,0.8395317999999999,51.7352399,6.427136099999999,3.1706237,0.0,17.6362163,0.4076689,2.8851345,4.766218,33.9526499,3.0907835,6.883193,0.217746,0.193552,3.435548,14.7849534,0.5552523,10.234062000000002,0.701626,20.6713536,97.96271569999999,,
2021,ACESSÓRIOS,Receita c/ Sócio-torcedor,0.2322624,15.603920299999999,25.994033599999998,24.593200999999997,0.0,13.2026658,4.3779043,8.823551799999999,0.0,45.7435958,10.5993914,17.032576,67.8387663,2.0818937,49.283178,22.725424200000003,3.0508634,11.512714899999999,26.168230400000002,3.9254765000000003,15.931749,,
2021,ACESSÓRIOS,Receita com Publicidade e Patrocínio,3.9133795,60.2563667,19.5076222,22.046782500000003,0.0,152.8189816,3.3714339,45.5052849,10.656247299999999,193.8459571,24.3173894,17.4148412,54.9155412,2.2802845,46.7004685,212.6592115,6.223906499999999,39.992682,23.9411727,83.4317993,60.261205499999996,,
2021,ACESSÓRIOS,Receita com Licenciamento da Marca,0.0,0.0,0.0,0.0,0.0,40.5648701,0.157261,0.2310527,0.0,51.0432915,0.0,0.9955830999999999,10.1155114,0.23831090000000002,19.7398846,16.667246600000002,0.8383221,19.3358448,8.5610469,0.0,0.0,,
2021,ACESSÓRIOS,Outras receitas,6.8033528,57.6567214,12.7708029,10.3126925,0.0,12.5240241,14.8224541,14.6059178,13.506300499999998,241.262568,-4.6924263,8.9493606,46.572240300000004,4.0972539,28.7823921,82.83904629999999,0.883081,1.9826983,11.7921556,0.616947,20.281830199999998,,
2021,ACESSÓRIOS,Despesas com salários e encargos de atletas ,29.540874000000002,260.11816189999996,127.99230850000001,128.5403026,0.0,251.3188041,18.630589699999998,0.0,55.3788563,325.808501,203.495734,75.1078536,162.9865101,0.0,175.8710248,362.1829703,33.9163589,207.862751,68.541602,59.5015139,142.8075044,,
2021,ACESSÓRIOS,Direitos de imagem,6.8553698999999995,57.847854,23.716168500000002,0.0,0.0,57.0397744,0.0,0.0,0.0,102.58256,21.8568596,17.0616088,0.0,0.0,26.7646125,66.5673716,0.0,63.2733585,9.6062277,0.0,31.483652199999998,,
2021,ACESSÓRIOS,Amortização,2.1024586,155.9436367,23.0097037,18.6680904,0.0,71.0372131,1.0971979,16.8112009,0.2225848,165.6055106,16.8825732,7.590867500000001,87.14920740000001,0.3193608,50.142065,134.9347768,8.3239457,88.4302797,3.4694195999999997,3.3472399,15.700696299999999,,
2021,ACESSÓRIOS,Depreciação,0.9060653,1.9839079999999998,12.3474079,1.9343103,0.0,7.272716399999999,0.7161424,4.0174137000000005,0.32661900000000005,7.3368305000000005,5.023884099999999,1.0113092,5.1218698,1.4371235999999998,21.6717755,21.4431422,0.35565179999999996,19.5414938,2.17746,0.3411354,2.6903728000000005,,
2021,ACESSÓRIOS,Resultado Financeiro,-1.415349,-77.5502379,41.3269811,-58.184150599999995,0.0,-62.3515671,-4.0367689,-7.185618000000001,-1.0463905,-12.7006403,30.1989508,-1.6330950000000002,10.853428399999999,-0.32782870000000003,-46.6496611,-56.021207000000004,9.5348554,-67.1480276,-26.0508895,-50.5509436,-27.0984897,,
2021,ACESSÓRIOS,PC,22.437515599999998,741.3223055000001,305.8799032,131.53068100000002,0.0,1164.0894712000002,194.2366902,512.4785177,15.8857804,442.8360887,350.77307989999997,61.9741407,249.222394,5.2246943,451.0862427,396.9642647,20.8140982,633.9711080999999,289.2416894,222.6440753,383.3926404,,
2021,ACESSÓRIOS,PNC,22.610502699999998,1040.7194264,184.6752214,188.4240817,0.0,607.9250574,135.1501034,836.1724631,2.7448093,606.90649,545.320663,28.283995700000002,375.2053908,23.0302686,801.0947922,861.899153,39.9188903,849.9703013000001,672.1504498,89.5178,423.6623437,,
2021,ACESSÓRIOS,Caixa e Equivalentes de Caixa,28.020281100000002,21.4516101,184.0909363,3.1379618,0.0012097,5.2803405,0.145164,8.6191125,0.7681595,153.85206540000001,24.375455,5.062594499999999,28.2694793,0.5939627,11.2635167,17.8684787,8.4025762,47.298060299999996,1.5109153000000002,0.7028357,16.6236974,,
2021,ACESSÓRIOS,Depósitos Judicias,1.0318741,25.2307129,2.7629547999999997,25.8295144,0.0,16.8595889,4.2230627,17.6967013,0.0,64.0632926,20.9967629,0.3725876,8.141281000000001,0.3617003,22.0963802,11.4582784,0.0,3.2214310999999998,23.939963,14.6325312,29.259013900000003,,
2021,ACESSÓRIOS,Receitas Diferidas,3.7839416000000003,23.7185879,1.7286613,35.5470345,0.0,543.3161901,32.6546418,164.0195939,0.0,165.27889159999998,41.356013899999994,19.8886777,67.2810946,10.9066552,311.2412936,623.0523559000001,9.6776,510.0687953,79.199059,11.2211772,148.0152629,,
2021,ACESSÓRIOS,Contas a Receber (atletas),0.0,62.442294600000004,0.0,3.1137677999999998,0.0,70.9077752,4.0948345,17.552747,0.0,192.5080289,31.065096,0.0,44.3705863,0.0,0.0,77.4377358,4.536375,0.0,15.9027162,2.7569063,45.5657699,,
2021,ACESSÓRIOS,Demais Passivos s/ Exigibilidade,0.0,0.0,0.0,0.0,0.0,0.0,45.858517299999995,0.0,0.0,0.0,0.0,0.0,0.0,19.6007691,66.5504358,0.0,0.0,83.8854368,0.0,-276.1612033,88.87302989999999,,
2021,ACESSÓRIOS,Pontuação Série A,,,,,,,,,,,,,,,,,,,,0.0,0.0,,
